[
  {
    "id": "geek-days-brest-2025",
    "title": "Geek Days Brest 2025",
    "start": "2025-09-27",
    "end": "2025-09-29",
    "location": {
      "lat": 48.4200,
      "lng": -4.4900,
      "name": "Guilers, France",
      "address": "Route de Brest, 29820 Guilers"
    },
    "description": "Convention geek à Brest",
    "color": "#DDA600",
    "type": "convention"
  },
  {
    "id": "ponto-geek-2025",
    "title": "Ponto Geek 2025",
    "start": "2025-10-04",
    "end": "2025-10-06",
    "location": {
      "lat": 49.3539,
      "lng": 0.5123,
      "name": "Pont-Audemer, Normandie",
      "address": "Complexe Sportif Alexis Vastine, 27500 Avenue des Sports, Pont-Audemer"
    },
    "description": "Festival geek en Normandie",
    "color": "#43BCCD",
    "type": "convention"
  },
  {
    "id": "geek-days-caen-2025",
    "title": "Geek Days Caen 2025",
    "start": "2025-10-11",
    "end": "2025-10-13",
    "location": {
      "lat": 49.1829,
      "lng": -0.3707,
      "name": "Caen, France",
      "address": "17 Rue Joseph Philippon, 14000 Caen"
    },
    "description": "Convention geek à Caen",
    "color": "#43BCCD",
    "type": "convention"
  },
  {
    "id": "gravenchon-geek-fest-2025",
    "title": "Gravenchon Geek'Fest 2025",
    "alternativeTitles": [
      "Gravenchon Geek'Fest 2025",
      "Gravenchon Geek'Fest 2025"
    ],
    "start": "2025-10-11",
    "end": "2025-10-13",
    "location": {
      "lat": 49.4889,
      "lng": 0.5676,
      "name": "Port-Jérôme-sur-Seine, France",
      "address": "5 Av. du Château, 76330 Port-Jérôme-sur-Seine"
    },
    "description": "Festival geek en Seine-Maritime",
    "color": "#43BCCD",
    "type": "convention"
  },
  {
    "id": "furry-blacklight-2025",
    "title": "Furry BlackLight 2025",
    "start": "2025-10-29",
    "end": "2025-11-03",
    "location": {
      "lat": 48.9356,
      "lng": 2.3539,
      "name": "Saint-Denis, France",
      "address": "149 Bd Anatole France, 93200 Saint-Denis"
    },
    "description": "Convention furry près de Paris",
    "color": "#662E9B",
    "type": "convention"
  },
  {
    "id": "festival-samhain-2025",
    "title": "Festival de Samhain",
    "start": "2025-10-31",
    "end": "2025-11-03",
    "location": {
      "lat": 49.0894,
      "lng": 0.5992,
      "name": "Bernay, France",
      "address": "Abbaye de Bernay Musée des Beaux-Arts, place Guillaume de Volpiano, 27300 Bernay"
    },
    "description": "Festival médiéval et fantasy",
    "color": "#BC2130",
    "type": "social"
  },
  {
    "id": "retro-game-beauvais-2025",
    "title": "Rétro Game Festival Beauvais",
    "start": "2025-11-07",
    "end": "2025-11-10",
    "location": {
      "lat": 49.4295,
      "lng": 2.0807,
      "name": "Beauvais, France",
      "address": "Palais Des Sports Et Spectacles Elispace, 3 av Paul Henri Spaak, 60000 Beauvais"
    },
    "description": "Festival du jeu vidéo rétro",
    "color": "#23BA74",
    "type": "convention"
  },
  {
    "id": "japan-otaku-evreux-2025",
    "title": "Japan Otaku Festival Évreux",
    "alternativeTitles": [
      "Japan Otaku Festival Evreux",
      "Japan Otaku Festival évreux"
    ],
    "start": "2025-11-22",
    "end": "2025-11-24",
    "location": {
      "lat": 49.0246,
      "lng": 1.1508,
      "name": "Évreux, France",
      "address": "26 Av. du Maréchal Foch, 27000 Évreux"
    },
    "description": "Convention culture japonaise à Évreux",
    "color": "#DDA600",
    "type": "convention"
  },
  {
    "id": "japan-otaku-lisieux-2025",
    "title": "Japan Otaku Festival Lisieux",
    "start": "2025-11-29",
    "end": "2025-12-01",
    "location": {
      "lat": 49.1464,
      "lng": 0.2281,
      "name": "Lisieux, France",
      "address": "1055 Rue Édouard Branly, 14100 Lisieux"
    },
    "description": "Convention culture japonaise à Lisieux",
    "color": "#DDA600",
    "type": "convention"
  },
  {
    "id": "geek-days-lille-winter-2025",
    "title": "Geek Days Lille Winter 2025",
    "start": "2025-12-06",
    "end": "2025-12-08",
    "location": {
      "lat": 50.6292,
      "lng": 3.0573,
      "name": "Lille, France",
      "address": "1 Bd des Cités Unies, 59777 Lille"
    },
    "description": "Convention geek d'hiver à Lille",
    "color": "#43BCCD",
    "type": "convention"
  },
  {
    "id": "canthrofur-2026",
    "title": "Canthrofur",
    "start": "2026-01-15",
    "end": "2026-01-20",
    "location": {
      "lat": 45.6789,
      "lng": 2.7344,
      "name": "Saint-Sauves-d'Auvergne, France",
      "address": "Guérinot, 63950 Saint-Sauves-d'Auvergne"
    },
    "description": "Convention furry en Auvergne",
    "color": "#662E9B",
    "type": "convention"
  },
  {
    "id": "pop-anim-2026",
    "title": "Pop'Anim Festival 2026",
    "start": "2026-02-07",
    "end": "2026-02-09",
    "location": {
      "lat": 49.6500,
      "lng": 0.3667,
      "name": "Goderville, France",
      "address": "Rue Saint-Jacques, 76110 Goderville"
    },
    "description": "Festival pop culture et animation",
    "color": "#43BCCD",
    "type": "convention"
  },
  {
    "id": "normannia-2026",
    "title": "Normannia",
    "start": "2026-02-14",
    "end": "2026-02-16",
    "location": {
      "lat": 49.4086,
      "lng": 1.0594,
      "name": "Le Grand-Quevilly, France",
      "address": "Parc Expo Rouen, 46 Av. des Canadiens, 76120 Le Grand-Quevilly"
    },
    "description": "Convention culture geek et fantasy en Normandie",
    "color": "#43BCCD",
    "type": "convention"
  },
  {
    "id": "le-havre-japan-northcon-2026",
    "title": "Le Havre Japan North'Con",
    "start": "2026-03-07",
    "end": "2026-03-09",
    "location": {
      "lat": 49.4938,
      "lng": 0.1077,
      "name": "Le Havre, France",
      "address": "64 Quai de la Réunion, 76600 Le Havre"
    },
    "description": "Convention culture japonaise au Havre",
    "color": "#662E9B",
    "type": "convention"
  },
  {
    "id": "fauntastic-6-2026",
    "title": "Fauntastic 6",
    "start": "2026-04-03",
    "end": "2026-04-08",
    "location": {
      "lat": 45.7267,
      "lng": 4.9111,
      "name": "Bron, France",
      "address": "260 Av. Jean Monnet, 69500 Bron"
    },
    "description": "Convention furry près de Lyon",
    "color": "#662E9B",
    "type": "convention"
  },
  {
    "id": "geek-days-lille-2026",
    "title": "Geek Days Lille 2026",
    "start": "2026-05-16",
    "end": "2026-05-18",
    "location": {
      "lat": 50.6292,
      "lng": 3.0573,
      "name": "Lille, France",
      "address": "1 Bd des Cités Unies, 59777 Lille"
    },
    "description": "Le samedi de 10h à 19h, le dimanche de 10h à 18h",
    "color": "#DDA600",
    "type": "convention"
  },
  {
    "id": "japan-expo-paris-2026",
    "title": "Japan Expo Paris 2026",
    "alternativeTitles": [
      "Japan Expo Paris 2025"
    ],
    "start": "2026-07-09",
    "end": "2026-07-13",
    "location": {
      "lat": 48.9667,
      "lng": 2.5167,
      "name": "Villepinte, France",
      "address": "Parc des Expositions de Villepinte, ZAC Paris Nord 2, 93420 Villepinte"
    },
    "description": "La plus grande convention de culture japonaise en Europe",
    "color": "#DDA600",
    "type": "convention"
  },
  {
    "id": "festival-manga-deauville-2026",
    "title": "Festival Manga Deauville",
    "start": "2026-07-24",
    "end": "2026-07-27",
    "location": {
      "lat": 49.3583,
      "lng": 0.0728,
      "name": "Deauville, France",
      "address": "1 Rue Lucien Barrière, 14800 Deauville"
    },
    "description": "Festival manga à Deauville",
    "color": "#43BCCD",
    "type": "convention"
  },
  {
    "id": "cidre-dragon-2026",
    "title": "Cidre & Dragon 2026",
    "start": "2026-09-19",
    "end": "2026-09-21",
    "location": {
      "lat": 49.2333,
      "lng": -0.2000,
      "name": "Merville-Franceville-Plage, France",
      "address": "Av. de Paris, 14810 Merville-Franceville-Plage"
    },
    "description": "Convention culture geek et médiévale",
    "color": "#23BA74",
    "type": "convention"
  }
]
